id,Type,Relationship,Political.Roles,Institution,,Type,Year_Founded,Year_Opened,Land_Origins,Acreage,Location_at_Founding,Current_Location,Region,Year_Moved,Enrollment,Denomination,Religious,Female,HBCU,Military,Integrated,Co-Educational,Land_Grant,Medical
A. Webster,Person,Board Member,,Claflin University,,Private,,,,,,,,,,,,,,,,,,
A.C. Garlington,Person,Board Member,Legislator,Newberry College,,Private,,,,,,,,,,,,,,,,,,
A.C. Hawthorne,Person,Board Member,,Erskine College,,Private,,,,,,,,,,,,,,,,,,
A.D. Bowers,Person,Board Member,,North Greenville University,,Private,,,,,,,,,,,,,,,,,,
A.M. Shipp,Person,Board Member,,Wofford College,,Private,,,,,,,,,,,,,,,,,,
A.S. Steele,Person,"Board Member,Founder",,Voorhees University,,Private,,,,,,,,,,,,,,,,,,
A.T. Carr,Person,Board Member,,Allen University,,Private,,,,,,,,,,,,,,,,,,
Abner Blocker,Person,Board Member,,Furman University,,Private,,,,,,,,,,,,,,,,,,
Abram Haddon,Person,Board Member,,Erskine College,,Private,,,,,,,,,,,,,,,,,,
Abram Middleton,Person,Board Member,,Claflin University,,Private,,,,,,,,,,,,,,,,,,
Alan Johnstone,Person,Board Member,,Clemson University,,Public,,,,,,,,,,,,,,,,,,
Alexander N. Talley,Person,Board Member,,Columbia College,,Private,,,,,,,,,,,,,,,,,,
Alonzo Webster,Person,"Key Figure,President",,Claflin University,,Private,,,,,,,,,,,,,,,,,,
Andrew Wallace,Person,Board Member,,Columbia College,,Private,,,,,,,,,,,,,,,,,,
Arnoldus Vanderhost,Person,Board Member,,College of Charleston,,Public,,,,,,,,,,,,,,,,,,
Arthur Middleton,Person,Board Member,"Founding Father,Legislator",College of Charleston,,Public,,,,,,,,,,,,,,,,,,
B.H. William,Person,Board Member,,Allen University,,Private,,,,,,,,,,,,,,,,,,
Bartlee Smith,Person,Board Member,,University of South Carolina,,Public,,,,,,,,,,,,,,,,,,
Basil Manly,Person,Board Member,,Furman University,,Private,,,,,,,,,,,,,,,,,,
Bathsheba Benedict,Person,"Benefactor,Founder",,Benedict College,,Private,,,,,,,,,,,,,,,,,,
Benjamin Franklin Neves,Person,"Benefactor,Key Figure",,North Greenville University,,Private,,,,,,,,,,,,,,,,,,
Benjamin Franklin Wilson,Person,President,,Converse University,,Private,,,,,,,,,,,,,,,,,,
Benjamin Perry Robertson,Person,Key Figure,,North Greenville University,,Private,,,,,,,,,,,,,,,,,,
Benjamin Ryan Tillman,Person,Board Member,"Legislator,Governor",Clemson University,,Public,,,,,,,,,,,,,,,,,,
Benjamin S. Screven,Person,Board Member,Legislator,Furman University,,Private,,,,,,,,,,,,,,,,,,
Benjamin Smith,Person,Benefactor,Legislator,College of Charleston,,Public,,,,,,,,,,,,,,,,,,
Benjamin Wofford,Person,"Benefactor,Founder",,Wofford College,,Private,,,,,,,,,,,,,,,,,,
C.F. Bergman,Person,Board Member,,Lutheran Theological Southern Seminary,,Private,,,,,,,,,,,,,,,,,,
C.J. Colcock,Person,Board Member,Legislator,Medical University of South Carolina,,Proprietary,,,,,,,,,,,,,,,,,,
Charles Betts,Person,Board Member,,Wofford College,,Private,,,,,,,,,,,,,,,,,,
Charles C. Pinckney,Person,Board Member,"Foreign Ambassador,Founding Father,Legislator",University of South Carolina,,Public,,,,,,,,,,,,,,,,,,
Charles D. Mallary,Person,Board Member,,Furman University,,Private,,,,,,,,,,,,,,,,,,
Charles Drayton,Person,Board Member,"Lt Governor,Legislator",College of Charleston,,Public,,,,,,,,,,,,,,,,,,
Charles Edwin Fleming,Person,Board Member,,Converse University,,Private,,,,,,,,,,,,,,,,,,
Charles Pinckney,Person,Board Member,"Founding Father,Governor,Legislator",College of Charleston,,Public,,,,,,,,,,,,,,,,,,
Claudius H. Pritchard,Person,Board Member,,Columbia College,,Private,,,,,,,,,,,,,,,,,,
Clough Beard,Person,Board Member,,Wofford College,,Private,,,,,,,,,,,,,,,,,,
Cole Blease,Person,Key Figure,"Governor,Legislator",South Carolina State University,,Public,,,,,,,,,,,,,,,,,,
Colin Murchison,Person,Board Member,,Columbia College,,Private,,,,,,,,,,,,,,,,,,
D. Picket,Person,Board Member,,Allen University,,Private,,,,,,,,,,,,,,,,,,
D.E. Dunlap,Person,Board Member,,University of South Carolina,,Public,,,,,,,,,,,,,,,,,,
D.J. Bradham,Person,"Key Figure,Board Member",,South Carolina State University,,Public,,,,,,,,,,,,,,,,,,
D.M. Blackwelder,Person,President,,Medical University of South Carolina,,Proprietary,,,,,,,,,,,,,,,,,,
D.M. Pierce,Person,Board Member,,Benedict College,,Private,,,,,,,,,,,,,,,,,,
D.S. Rice,Person,Board Member,,Allen University,,Private,,,,,,,,,,,,,,,,,,
Daniel Alexander Payne,Person,"Key Figure,Board Member",,Allen University,,Private,,,,,,,,,,,,,,,,,,
Daniel Bourdeaux,Person,Board Member,,College of Charleston,,Public,,,,,,,,,,,,,,,,,,
Daniel DeSaussure,Person,Board Member,Legislator,College of Charleston,,Public,,,,,,,,,,,,,,,,,,
Daniel K. Norris,Person,Board Member,Legislator,Clemson University,,Public,,,,,,,,,,,,,,,,,,
Daniel Wallace,Person,Board Member,,The Citadel,,Public,,,,,,,,,,,,,,,,,,
David Bancroft Johnson,Person,"Key Figure,Founder,President",,Winthrop University,,Public,,,,,,,,,,,,,,,,,,
David Jamison,Person,Board Member,Legislator,The Citadel,,Public,,,,,,,,,,,,,,,,,,
David Oliphant,Person,Board Member,Legislator,College of Charleston,,Public,,,,,,,,,,,,,,,,,,
David Ramsay,Person,Board Member,Legislator,College of Charleston,,Public,,,,,,,,,,,,,,,,,,
David Robinson Duncan,Person,Board Member,Legislator,Converse University,,Private,,,,,,,,,,,,,,,,,,
Dexter Edgar Converse,Person,"Benefactor,Founder,Board Member",,Converse University,,Private,,,,,,,,,,,,,,,,,,
Elias Ball Hort,Person,Board Member,Legislator,Newberry College,,Private,,,,,,,,,,,,,,,,,,
E.C. Leitner,Person,Board Member,Legislator,Wofford College,,Private,,,,,,,,,,,,,,,,,,
E.R. Roberts,Person,Board Member,,Benedict College,,Private,,,,,,,,,,,,,,,,,,
E.S. Joynes,Person,Board Member,,Winthrop University,,Public,,,,,,,,,,,,,,,,,,
E.T. Copeland,Person,Board Member,,Presbyterian College,,Private,,,,,,,,,,,,,,,,,,
Eli Thomas Stackhouse,Person,Board Member,Legislator,Clemson University,,Public,,,,,,,,,,,,,,,,,,
Ebenezer Erskine Pressly,Person,"Key Figure,President,Namesake,Board Member",,Erskine College,,Private,,,,,,,,,,,,,,,,,,
Elias Horry,Person,Board Member,Legislator,Medical University of South Carolina,,Proprietary,,,,,,,,,,,,,,,,,,
Elizabeth Rodman Voorhees,Person,Benefactor,,Voorhees University,,Private,,,,,,,,,,,,,,,,,,
Elizabeth Wright,Person,"Founder,Key Figure,Board Member,President",,Voorhees University,,Private,,,,,,,,,,,,,,,,,,
Emily Howland,Person,Board Member,,Voorhees University,,Private,,,,,,,,,,,,,,,,,,
Enoch Agnew,Person,Board Member,,Erskine College,,Private,,,,,,,,,,,,,,,,,,
F.P. Bates,Person,Board Member,,North Greenville University,,Private,,,,,,,,,,,,,,,,,,
F.W. McMaster,Person,Board Member,Legislator,Winthrop University,,Public,,,,,,,,,,,,,,,,,,
G.C. Young,Person,Board Member,,Presbyterian College,,Private,,,,,,,,,,,,,,,,,,
Gabriel Manigault,Person,Board Member,,College of Charleston,,Public,,,,,,,,,,,,,,,,,,
George P. Copeland,Person,Board Member,,Presbyterian College,,Private,,,,,,,,,,,,,,,,,,
George W. Anderson,Person,Board Member,Legislator,Lander University,,Private,,,,,,,,,,,,,,,,,,
George W. Kelley,Person,Board Member,,Voorhees University,,Private,,,,,,,,,,,,,,,,,,
Gerhard Muller,Person,Board Member,Legislator,Newberry College,,Private,,,,,,,,,,,,,,,,,,
Godfrey Dreher,Person,Board Member,,Lutheran Theological Southern Seminary,,Private,,,,,,,,,,,,,,,,,,
H. Aubrey Strode,Person,President,,Clemson University,,Public,,,,,,,,,,,,,,,,,,
H. Bass,Person,Board Member,,Wofford College,,Private,,,,,,,,,,,,,,,,,,
H.A. DeSaussure,Person,Board Member,,Medical University of South Carolina,,Proprietary,,,,,,,,,,,,,,,,,,
H.A.C. Walker,Person,Board Member,,Wofford College,,Private,,,,,,,,,,,,,,,,,,
H.B. Crawley,Person,Board Member,,North Greenville University,,Private,,,,,,,,,,,,,,,,,,
H.H. Durant,Person,Board Member,,Wofford College,,Private,,,,,,,,,,,,,,,,,,
H.H. Thomson,Person,Board Member,Legislator,Wofford College,,Private,,,,,,,,,,,,,,,,,,
H.K. Ezell,Person,Board Member,,North Greenville University,,Private,,,,,,,,,,,,,,,,,,
H.P. Goodwin,Person,Board Member,,North Greenville University,,Private,,,,,,,,,,,,,,,,,,
Harvey Wofford,Person,Board Member,,Wofford College,,Private,,,,,,,,,,,,,,,,,,
Henry Dana Ward,Person,Board Member,Legislator,University of South Carolina,,Public,,,,,,,,,,,,,,,,,,
Henry Horlbeck,Person,Board Member,Legislator,Lutheran Theological Southern Seminary,,Private,,,,,,,,,,,,,,,,,,
Henry L. Pinckney,Person,Board Member,Legislator,Medical University of South Carolina,,Proprietary,,,,,,,,,,,,,,,,,,
Henry Muller,Person,Board Member,,Lutheran Theological Southern Seminary,,Private,,,,,,,,,,,,,,,,,,
Henry Summer,Person,Board Member,Legislator,Newberry College,,Private,,,,,,,,,,,,,,,,,,
Henry William DeSaussure,Person,Board Member,Legislator,University of South Carolina,,Public,,,,,,,,,,,,,,,,,,
Henry Young,Person,Board Member,,Presbyterian College,,Private,,,,,,,,,,,,,,,,,,
Hilliard C. Parsons,Person,Board Member,,Columbia College,,Private,,,,,,,,,,,,,,,,,,
Hugh Lafayette Brock,Person,President,,North Greenville University,,Private,,,,,,,,,,,,,,,,,,
Hugh Rutledge,Person,Board Member,Legislator,College of Charleston,,Public,,,,,,,,,,,,,,,,,,
Isaac Alexander,Person,Board Member,Legislator,University of South Carolina,,Public,,,,,,,,,,,,,,,,,,
Isaac B. Smith,Person,Board Member,,Allen University,,Private,,,,,,,,,,,,,,,,,,
J. Calhoun Copeland,Person,Board Member,,Presbyterian College,,Private,,,,,,,,,,,,,,,,,,
J. Eigleberger,Person,Board Member,,Lutheran Theological Southern Seminary,,Private,,,,,,,,,,,,,,,,,,
J. Tupper Henery,Person,Board Member,,North Greenville University,,Private,,,,,,,,,,,,,,,,,,
J. Wofford Tucker,Person,Board Member,Legislator,Wofford College,,Private,,,,,,,,,,,,,,,,,,
J.A. Bailey,Person,Board Member,,Presbyterian College,,Private,,,,,,,,,,,,,,,,,,
J.A. Sasportas,Person,Board Member,,Claflin University,,Private,,,,,,,,,,,,,,,,,,
J.C. Butler,Person,Board Member,,Benedict College,,Private,,,,,,,,,,,,,,,,,,
J.C. Watts,Person,President,,Allen University,,Private,,,,,,,,,,,,,,,,,,
J.D. Cooper,Person,Board Member,,North Greenville University,,Private,,,,,,,,,,,,,,,,,,
John E. Bradley,Person,Board Member,Legislator,Clemson University,,Public,,,,,,,,,,,,,,,,,,
J.E. Hayne,Person,Board Member,,Allen University,,Private,,,,,,,,,,,,,,,,,,
James Ezra Tindal,Person,Board Member,Legislator,Clemson University,,Public,,,,,,,,,,,,,,,,,,
John Edward Wannamaker,Person,Board Member,,Clemson University,,Public,,,,,,,,,,,,,,,,,,
J.H. Bailey,Person,Board Member,,Newberry College,,Private,,,,,,,,,,,,,,,,,,
Jesse Havries Hardin,Person,Board Member,Legislator,Clemson University,,Public,,,,,,,,,,,,,,,,,,
J.H. Kellogg,Person,Board Member,,Voorhees University,,Private,,,,,,,,,,,,,,,,,,
J.H. Means,Person,Board Member,Governor,The Citadel,,Public,,,,,,,,,,,,,,,,,,
J.H. Phinney,Person,Board Member,,Presbyterian College,,Private,,,,,,,,,,,,,,,,,,
J.H. Wheeler,Person,Board Member,,Wofford College,,Private,,,,,,,,,,,,,,,,,,
J.H. Young,Person,Board Member,Legislator,Presbyterian College,,Private,,,,,,,,,,,,,,,,,,
James L. Orr,Person,Board Member,"Governor's Staff,Legislator",Clemson University,,Public,,,,,,,,,,,,,,,,,,
J.P. Aull,Person,Board Member,,Newberry College,,Private,,,,,,,,,,,,,,,,,,
J.P. Margart,Person,Board Member,,Newberry College,,Private,,,,,,,,,,,,,,,,,,
J.P. Richardson,Person,Key Figure,"Governor,Legislator",Clemson University,,Public,,,,,,,,,,,,,,,,,,
"J.W. Copeland, Sr.",Person,Board Member,,Presbyterian College,,Private,,,,,,,,,,,,,,,,,,
J.W. Floyd,Person,Key Figure,Legislator,South Carolina State University,,Public,,,,,,,,,,,,,,,,,,
Jacob Ford,Person,Board Member,,Medical University of South Carolina,,Proprietary,,,,,,,,,,,,,,,,,,
Jacob Moorer,Person,Board Member,,Voorhees University,,Private,,,,,,,,,,,,,,,,,,
Jacob Schumpert,Person,Board Member,,Newberry College,,Private,,,,,,,,,,,,,,,,,,
James Burchill Richardson,Person,Board Member,"Governor,Legislator",University of South Carolina,,Public,,,,,,,,,,,,,,,,,,
James C. Furman,Person,"President,Noteworthy",,Furman University,,Private,,,,,,,,,,,,,,,,,,
James Calhoun,Person,Noteworthy,,Erskine College,,Private,,,,,,,,,,,,,,,,,,
James Fair,Person,Board Member,Legislator,Erskine College,,Private,,,,,,,,,,,,,,,,,,
James Jones,Person,Board Member,,The Citadel,,Public,,,,,,,,,,,,,,,,,,
James Lindsay,Person,Board Member,,Erskine College,,Private,,,,,,,,,,,,,,,,,,
James P. Pearson,Person,Board Member,,Presbyterian College,,Private,,,,,,,,,,,,,,,,,,
James S. Guignard,Person,Board Member,,Columbia College,,Private,,,,,,,,,,,,,,,,,,
James Stacy,Person,Board Member,,Wofford College,,Private,,,,,,,,,,,,,,,,,,
Jasper Adams,Person,Board Member,,Medical University of South Carolina,,Proprietary,,,,,,,,,,,,,,,,,,
Jesse Hartwell,Person,Board Member,,Furman University,,Private,,,,,,,,,,,,,,,,,,
Jessie C. Dorsey,Person,"Key Figure,Founder",,Voorhees University,,Private,,,,,,,,,,,,,,,,,,
Job J. Boozer,Person,Board Member,,Presbyterian College,,Private,,,,,,,,,,,,,,,,,,
John A. Porter,Person,Board Member,,Columbia College,,Private,,,,,,,,,,,,,,,,,,
John B. Boazman,Person,Board Member,,Lander University,,Private,,,,,,,,,,,,,,,,,,
John B. Cleveland,Person,Board Member,,Converse University,,Private,,,,,,,,,,,,,,,,,,
John Bachman,Person,"Key Figure,Board Member",,Lutheran Theological Southern Seminary,,Private,,,,,,,,,,,,,,,,,,
John Brown,Person,Board Member,,University of South Carolina,,Public,,,,,,,,,,,,,,,,,,
John Bryce,Person,Board Member,,Columbia College,,Private,,,,,,,,,,,,,,,,,,
John C. Hope,Person,Board Member,Legislator,Lutheran Theological Southern Seminary,,Private,,,,,,,,,,,,,,,,,,
John Chesnut,Person,Board Member,Legislator,University of South Carolina,,Public,,,,,,,,,,,,,,,,,,
John Drayton,Person,"Board Member,Key Figure",Governor,University of South Carolina,,Public,,,,,,,,,,,,,,,,,,
John G. Schwartz,Person,President,,Lutheran Theological Southern Seminary,,Private,,,,,,,,,,,,,,,,,,
John Gary Evans,Person,Board Member,"Governor,Legislator",South Carolina State University,,Public,,,,,,,,,,,,,,,,,,
John H. Boatwright,Person,Board Member,,Columbia College,,Private,,,,,,,,,,,,,,,,,,
John Henry Montgomery,Person,Board Member,Legislator,Converse University,,Private,,,,,,,,,,,,,,,,,,
John L. Ellis,Person,Board Member,,Erskine College,,Private,,,,,,,,,,,,,,,,,,
John L. Williams,Person,Board Member,,Lander University,,Private,,,,,,,,,,,,,,,,,,
John Landrum,Person,Board Member,Legislator,Furman University,,Private,,,,,,,,,,,,,,,,,,
John Lloyd,Person,Board Member,Legislator,College of Charleston,,Public,,,,,,,,,,,,,,,,,,
John M. Brown,Person,Founder,,Allen University,,Private,,,,,,,,,,,,,,,,,,
John MacKenzie,Person,Benefactor,,College of Charleston,,Public,,,,,,,,,,,,,,,,,,
John Matthews,Person,Board Member,Governor,College of Charleston,,Public,,,,,,,,,,,,,,,,,,
John P. Kinard,Person,Board Member,Legislator,Newberry College,,Private,,,,,,,,,,,,,,,,,,
John P. Richardson,Person,"Key Figure,Founder","Governor,Legislator",The Citadel,,Public,,,,,,,,,,,,,,,,,,
"John P. Thomas, Jr.",Person,Board Member,,Winthrop University,,Public,,,,,,,,,,,,,,,,,,
John Porter,Person,Board Member,,Wofford College,,Private,,,,,,,,,,,,,,,,,,
John Prue,Person,Benefactor,,College of Charleston,,Public,,,,,,,,,,,,,,,,,,
John Rutledge,Person,Board Member,"Founding Father,Judge,Governor,Legislator",College of Charleston,,Public,,,,,,,,,,,,,,,,,,
John T. Wightman,Person,Board Member,,Columbia College,,Private,,,,,,,,,,,,,,,,,,
John T. Wood,Person,Key Figure,,North Greenville University,,Private,,,,,,,,,,,,,,,,,,
John Veal,Person,Board Member,,Columbia College,,Private,,,,,,,,,,,,,,,,,,
John W. Parker,Person,Board Member,,Columbia College,,Private,,,,,,,,,,,,,,,,,,
Jonathan Maxcy,Person,President,,University of South Carolina,,Public,,,,,,,,,,,,,,,,,,
Joseph Andrew Warne,Person,President,,Furman University,,Private,,,,,,,,,,,,,,,,,,
Joseph Atkinson,Person,Board Member,,College of Charleston,,Public,,,,,,,,,,,,,,,,,,
Joseph B. Cook,Person,Board Member,,Furman University,,Private,,,,,,,,,,,,,,,,,,
Joseph Cross,Person,Board Member,,Columbia College,,Private,,,,,,,,,,,,,,,,,,
Joseph Walker,Person,Board Member,,Converse University,,Private,,,,,,,,,,,,,,,,,,
L.S. Prioleau,Person,Board Member,,Allen University,,Private,,,,,,,,,,,,,,,,,,
Lee Claflin,Person,"Benefactor,Founder",,Claflin University,,Private,,,,,,,,,,,,,,,,,,
M. Barre,Person,Board Member,,Newberry College,,Private,,,,,,,,,,,,,,,,,,
Milton Lafayette Donaldson,Person,Board Member,Legislator,Clemson University,,Public,,,,,,,,,,,,,,,,,,
M.L. West,Person,Key Figure,,North Greenville University,,Private,,,,,,,,,,,,,,,,,,
M.W. Gilbert,Person,Board Member,,Voorhees University,,Private,,,,,,,,,,,,,,,,,,
Major Swygert,Person,Board Member,,Lutheran Theological Southern Seminary,,Private,,,,,,,,,,,,,,,,,,
Mary Ellis,Person,Benefactor,,College of Charleston,,Public,,,,,,,,,,,,,,,,,,
Matthew Mims,Person,Board Member,,Furman University,,Private,,,,,,,,,,,,,,,,,,
Mercer S. Bailey,Person,Board Member,,Presbyterian College,,Private,,,,,,,,,,,,,,,,,,
Miles Brewton,Person,Benefactor,,College of Charleston,,Public,,,,,,,,,,,,,,,,,,
Mitchell King,Person,Board Member,,Medical University of South Carolina,,Proprietary,,,,,,,,,,,,,,,,,,
N. Aldrich,Person,Board Member,,Newberry College,,Private,,,,,,,,,,,,,,,,,,
N.S. Harris,Person,Board Member,,Presbyterian College,,Private,,,,,,,,,,,,,,,,,,
Nat Oscar Green,Person,Board Member,,Presbyterian College,,Private,,,,,,,,,,,,,,,,,,
Nathan Hunter,Person,Board Member,,Newberry College,,Private,,,,,,,,,,,,,,,,,,
Nathaniel Heyward,Person,Board Member,Legislator,Medical University of South Carolina,,Proprietary,,,,,,,,,,,,,,,,,,
Newton Farmer Walker,Person,Board Member,,Converse University,,Private,,,,,,,,,,,,,,,,,,
Nicholas Talley,Person,Board Member,,Columbia College,,Private,,,,,,,,,,,,,,,,,,
O.B. Mayer,Person,Board Member,,Newberry College,,Private,,,,,,,,,,,,,,,,,,
Olivia E.P. Stokes,Person,Board Member,,Voorhees University,,Private,,,,,,,,,,,,,,,,,,
P.J. Harrison,Person,Board Member,,North Greenville University,,Private,,,,,,,,,,,,,,,,,,
P.W. Jefferson,Person,Board Member,Legislator,Allen University,,Private,,,,,,,,,,,,,,,,,,
Patrick Todd,Person,Board Member,,Newberry College,,Private,,,,,,,,,,,,,,,,,,
Prince Nelson,Person,Board Member,,Allen University,,Private,,,,,,,,,,,,,,,,,,
R.C. Bedford,Person,Board Member,,Voorhees University,,Private,,,,,,,,,,,,,,,,,,
Robert Esli Bowen,Person,Board Member,Legislator,Clemson University,,Public,,,,,,,,,,,,,,,,,,
R.H. Griffith,Person,Board Member,,Benedict College,,Private,,,,,,,,,,,,,,,,,,
R.L. Bryan,Person,Board Member,,Winthrop University,,Public,,,,,,,,,,,,,,,,,,
R.N.S. Young,Person,Board Member,,Presbyterian College,,Private,,,,,,,,,,,,,,,,,,
R.R. Blakely,Person,Board Member,,Presbyterian College,,Private,,,,,,,,,,,,,,,,,,
R.S. Griffin,Person,Board Member,,Presbyterian College,,Private,,,,,,,,,,,,,,,,,,
R.S. Phinney,Person,Board Member,,Presbyterian College,,Private,,,,,,,,,,,,,,,,,,
Ralph Izard,Person,Board Member,"Foreign Ambassador,Legislator",College of Charleston,,Public,,,,,,,,,,,,,,,,,,
Ralph Voorhees,Person,Benefactor,,Voorhees University,,Private,,,,,,,,,,,,,,,,,,
Richard Allen,Person,"Key Figure,Namesake",,Allen University,,Private,,,,,,,,,,,,,,,,,,
Richard Beresford,Person,Board Member,,College of Charleston,,Public,,,,,,,,,,,,,,,,,,
Richard Furman,Person,Namesake,,Furman University,,Private,,,,,,,,,,,,,,,,,,
Richard Guess,Person,Board Member,,Voorhees University,,Private,,,,,,,,,,,,,,,,,,
Richard Hutson,Person,Board Member,Legislator,College of Charleston,,Public,,,,,,,,,,,,,,,,,,
Richard Wright Simpson,Person,Board Member,"Legislator,Governor's Staff",Clemson University,,Public,,,,,,,,,,,,,,,,,,
Robert Bryce,Person,Board Member,,Columbia College,,Private,,,,,,,,,,,,,,,,,,
Robert C. Winthrop,Person,Benefactor,,Winthrop University,,Public,,,,,,,,,,,,,,,,,,
Robert J. Boyd,Person,Board Member,,Columbia College,,Private,,,,,,,,,,,,,,,,,,
Robert J. Turnbull,Person,Board Member,,Medical University of South Carolina,,Proprietary,,,,,,,,,,,,,,,,,,
Robert Kingston Scott,Person,Board Member,Governor,Claflin University,,Private,,,,,,,,,,,,,,,,,,
Robert Smith,Person,"Board Member,President",,College of Charleston,,Public,,,,,,,,,,,,,,,,,,
S.L. West,Person,Board Member,,Presbyterian College,,Private,,,,,,,,,,,,,,,,,,
S.S. McCully,Person,Board Member,,Columbia College,,Private,,,,,,,,,,,,,,,,,,
Samuel Lander,Person,"Key Figure,Founder",,Lander University,,Private,,,,,,,,,,,,,,,,,,
Samuel Leard,Person,Board Member,,Columbia College,,Private,,,,,,,,,,,,,,,,,,
Samuel Prioleau,Person,Board Member,,Medical University of South Carolina,,Proprietary,,,,,,,,,,,,,,,,,,
Samuel Wainwright,Person,Benefactor,,College of Charleston,,Public,,,,,,,,,,,,,,,,,,
Samuel Weston,Person,Board Member,,Claflin University,,Private,,,,,,,,,,,,,,,,,,
Samuel Whorter Yongue,Person,Board Member,,University of South Carolina,,Public,,,,,,,,,,,,,,,,,,
Simeon Corley,Person,Board Member,,Claflin University,,Private,,,,,,,,,,,,,,,,,,
Simeon Fair,Person,Board Member,,Newberry College,,Private,,,,,,,,,,,,,,,,,,
Simpson Bobo,Person,Board Member,,Wofford College,,Private,,,,,,,,,,,,,,,,,,
Stanwix G. Mayfield,Person,"Key Figure,Board Member",Legislator,Voorhees University,,Private,,,,,,,,,,,,,,,,,,
Stephen A. Mealy,Person,Board Member,,Lutheran Theological Southern Seminary,,Private,,,,,,,,,,,,,,,,,,
Stephen Benedict,Person,"Key Figure,Namesake",,Benedict College,,Private,,,,,,,,,,,,,,,,,,
T.R. Walsh,Person,Board Member,,Wofford College,,Private,,,,,,,,,,,,,,,,,,
T.S. Boinest,Person,Board Member,,Newberry College,,Private,,,,,,,,,,,,,,,,,,
T.W. Lewis,Person,Board Member,,Claflin University,,Private,,,,,,,,,,,,,,,,,,
Theophilus Stork,Person,President,,Newberry College,,Private,,,,,,,,,,,,,,,,,,
Thomas Bee,Person,Board Member,"Judge,Legislator",College of Charleston,,Public,,,,,,,,,,,,,,,,,,
Thomas Curtis,Person,"Founder,President",,Limestone University,,Private,,,,,,,,,,,,,,,,,,
Thomas Green Clemson,Person,"Benefactor,Founder",Foreign Ambassador,Clemson University,,Public,,,,,,,,,,,,,,,,,,
Thomas H. Wade,Person,Board Member,,Columbia College,,Private,,,,,,,,,,,,,,,,,,
"Thomas Heyward, Jr.",Person,Board Member,"Founding Father,Legislator",College of Charleston,,Public,,,,,,,,,,,,,,,,,,
Thomas Miller,Person,"President,Key Figure,Founder",Legislator,South Carolina State University,,Public,,,,,,,,,,,,,,,,,,
Thomas Philips,Person,Board Member,,Claflin University,,Private,,,,,,,,,,,,,,,,,,
Thomas Taylor,Person,Board Member,Legislator,University of South Carolina,,Public,,,,,,,,,,,,,,,,,,
Timothy Dargan,Person,Board Member,Legislator,Furman University,,Private,,,,,,,,,,,,,,,,,,
Timothy Dodge,Person,President,,Benedict College,,Private,,,,,,,,,,,,,,,,,,
Timothy W. Lewis,Person,Key Figure,,Claflin University,,Private,,,,,,,,,,,,,,,,,,
Unknown Torrence,Person,Board Member,,Allen University,,Private,,,,,,,,,,,,,,,,,,
Unknown Weston,Person,Board Member,,Allen University,,Private,,,,,,,,,,,,,,,,,,
W. Barringer,Person,Board Member,,Wofford College,,Private,,,,,,,,,,,,,,,,,,
W. Edgar Owens,Person,Board Member,,Presbyterian College,,Private,,,,,,,,,,,,,,,,,,
W.A. Gamewell,Person,Board Member,,Wofford College,,Private,,,,,,,,,,,,,,,,,,
W.A. McCorkle,Person,Board Member,,Lander University,,Private,,,,,,,,,,,,,,,,,,
W.B. Bell,Person,Board Member,,Presbyterian College,,Private,,,,,,,,,,,,,,,,,,
Berryman Wheeler Edwards,Person,Board Member,Legislator,Clemson University,,Public,,,,,,,,,,,,,,,,,,
W.B. Johnston,Person,Board Member,,Columbia College,,Private,,,,,,,,,,,,,,,,,,
W.B. Sterrett,Person,Board Member,,Allen University,,Private,,,,,,,,,,,,,,,,,,
W.C. Lindsay,Person,Board Member,,Benedict College,,Private,,,,,,,,,,,,,,,,,,
W.C. Swaffield,Person,Board Member,,Winthrop University,,Public,,,,,,,,,,,,,,,,,,
W.J. Alexander,Person,Board Member,,Benedict College,,Private,,,,,,,,,,,,,,,,,,
W.J. Duffie,Person,Board Member,,Winthrop University,,Public,,,,,,,,,,,,,,,,,,
W.J. Hanna,Person,Board Member,,The Citadel,,Public,,,,,,,,,,,,,,,,,,
W.K. Bachman,Person,Board Member,Legislator,Newberry College,,Private,,,,,,,,,,,,,,,,,,
W.L. Prince,Person,Board Member,,Lander University,,Private,,,,,,,,,,,,,,,,,,
W.S. Pearson,Person,Board Member,,Presbyterian College,,Private,,,,,,,,,,,,,,,,,,
W.W. Walker,Person,Board Member,,Columbia College,,Private,,,,,,,,,,,,,,,,,,
Wade Hampton,Person,Board Member,,University of South Carolina,,Public,,,,,,,,,,,,,,,,,,
West Caughman,Person,Board Member,Legislator,Lutheran Theological Southern Seminary,,Private,,,,,,,,,,,,,,,,,,
Whitefoord Smith,Person,President,,Columbia College,,Private,,,,,,,,,,,,,,,,,,
Wilbur E. Burnett,Person,Board Member,,Converse University,,Private,,,,,,,,,,,,,,,,,,
William B. Johnson,Person,Board Member,,Furman University,,Private,,,,,,,,,,,,,,,,,,
William B. Owens,Person,Board Member,,Presbyterian College,,Private,,,,,,,,,,,,,,,,,,
William Calhoun,Person,Noteworthy,,Erskine College,,Private,,,,,,,,,,,,,,,,,,
William Claflin,Person,Key Figure,Governor,Claflin University,,Private,,,,,,,,,,,,,,,,,,
William Crook,Person,Board Member,,Columbia College,,Private,,,,,,,,,,,,,,,,,,
William D. Watts,Person,Board Member,,Presbyterian College,,Private,,,,,,,,,,,,,,,,,,
William Drayton,Person,Board Member,Legislator,Medical University of South Carolina,,Proprietary,,,,,,,,,,,,,,,,,,
William F. Graham,Person,President,,The Citadel,,Public,,,,,,,,,,,,,,,,,,
William Falconer,Person,Board Member,Legislator,University of South Carolina,,Public,,,,,,,,,,,,,,,,,,
William Glaze,Person,Board Member,,Columbia College,,Private,,,,,,,,,,,,,,,,,,
William H. Fleming,Person,Board Member,,Columbia College,,Private,,,,,,,,,,,,,,,,,,
William H. Lyles,Person,Board Member,,Winthrop University,,Public,,,,,,,,,,,,,,,,,,
William Loughton Smith,Person,Board Member,,College of Charleston,,Public,,,,,,,,,,,,,,,,,,
William M. Wightman,Person,"President,Board Member",,Wofford College,,Private,,,,,,,,,,,,,,,,,,
William Martin,Person,Board Member,,Columbia College,,Private,,,,,,,,,,,,,,,,,,
William Moultrie,Person,Board Member,"Governor,Legislator",College of Charleston,,Public,,,,,,,,,,,,,,,,,,
William Plumer Jacobs,Person,"Founder,Board Member",,Presbyterian College,,Private,,,,,,,,,,,,,,,,,,
William Sinkler Manning,Person,Board Member,,Converse University,,Private,,,,,,,,,,,,,,,,,,
William States Lee,Person,President,,Presbyterian College,,Private,,,,,,,,,,,,,,,,,,
Allen University,Institution,,,,,Private,1870,1874,,150,Cokesbury,Columbia,Upstate,1880,,A.M.E. Church,TRUE,FALSE,TRUE,FALSE,FALSE,FALSE,FALSE,FALSE
Benedict College,Institution,,,,,Private,1870,1872,Plantation,80,Columbia,Columbia,Midlands,,10,Baptist,TRUE,FALSE,TRUE,FALSE,FALSE,TRUE,FALSE,FALSE
The Citadel,Institution,,,,,Public,1842,1843,Arsenal,,Charleston,Charleston,Lowcountry,,20,,FALSE,FALSE,FALSE,TRUE,FALSE,FALSE,FALSE,FALSE
Claflin University,Institution,,,,,Private,1869,1870,Former Orangeburg Female Institute,6.5,Orangeburg,Orangeburg,Lowcountry,,309,Methodist,TRUE,FALSE,TRUE,FALSE,TRUE,FALSE,TRUE,FALSE
Clemson University,Institution,,,,,Public,1889,1893,Plantation,814,Clemson,Clemson,Upstate,,446,,FALSE,FALSE,FALSE,TRUE,FALSE,FALSE,TRUE,FALSE
College of Charleston,Institution,,,,,Public,1770,1790,Plantation,10,Charleston,Charleston,Lowcountry,,6+,,FALSE,FALSE,FALSE,FALSE,FALSE,FALSE,FALSE,FALSE
Columbia College,Institution,,,,,Private,1854,1859,,2,Columbia,Columbia,Midlands,,121,Methodist,TRUE,TRUE,FALSE,FALSE,FALSE,FALSE,FALSE,FALSE
Converse University,Institution,,,,,Private,1889,1890,St. John's College,48,Spartanburg,Spartanburg,Upstate,,174,,FALSE,TRUE,FALSE,FALSE,FALSE,FALSE,FALSE,FALSE
Erskine College,Institution,,,,,Private,1839,1839,Academy for men/seminary,,Due West,Due West,Upstate,,46,Presbyterian,TRUE,FALSE,FALSE,FALSE,FALSE,FALSE,FALSE,FALSE
Furman University,Institution,,,,,Private,1826,,Edgefield Village Academy,,Winnsboro,Greenville,Midlands,1851,8,Baptist,TRUE,FALSE,FALSE,FALSE,FALSE,FALSE,FALSE,FALSE
Lander University,Institution,,,,,Private,1872,1872,Vacant resort hotel,,Williamston,Greenwood,Upstate,1904,38,Methodist,TRUE,TRUE,FALSE,FALSE,FALSE,FALSE,FALSE,FALSE
Limestone University,Institution,,,,,Private,1845,1845,Vacant resort hotel,300,Gaffney,Gaffney,Upstate,,67,Interdenominational,TRUE,TRUE,FALSE,FALSE,FALSE,FALSE,FALSE,FALSE
Lutheran Theological Southern Seminary,Institution,,,,,Private,1830,1831,Joohn Eichelberger's residence,,Pomaria,Columbia,Midlands,1911,5,Lutheran,TRUE,FALSE,FALSE,FALSE,FALSE,FALSE,FALSE,FALSE
Medical University of South Carolina,Institution,,,,,Proprietary,1823,1824,,,Charleston,Charleston,Lowcountry,,5,,FALSE,FALSE,FALSE,FALSE,FALSE,FALSE,FALSE,TRUE
Newberry College,Institution,,,,,Private,1856,1859,Peach orchard,,Newberry,Newberry,Midlands,,150,Lutheran,TRUE,FALSE,FALSE,FALSE,FALSE,FALSE,FALSE,FALSE
North Greenville University,Institution,,,,,Private,1891,1893,,10,Tigerville,Tigerville,Upstate,,80,Baptist,TRUE,FALSE,FALSE,FALSE,FALSE,FALSE,FALSE,FALSE
Presbyterian College,Institution,,,,,Private,1880,1881,Pre-war academy building,4,Clinton,Clinton,Upstate,,90,Presbyterian,TRUE,FALSE,FALSE,FALSE,FALSE,TRUE,FALSE,FALSE
South Carolina State University,Institution,,,,,Public,1896,1896,Claflin University,116,Orangeburg,Orangeburg,Lowcountry,,960,,FALSE,FALSE,TRUE,FALSE,FALSE,TRUE,TRUE,FALSE
University of South Carolina,Institution,,,,,Public,1801,1805,,,Columbia,Columbia,Midlands,,30,,FALSE,FALSE,FALSE,FALSE,FALSE,FALSE,FALSE,FALSE
Voorhees University,Institution,,,,,Private,1897,1897,Stanwix G. Mayfield,20,Denmark,Denmark,Lowcountry,,236,Episcopal,TRUE,FALSE,TRUE,FALSE,FALSE,FALSE,FALSE,FALSE
Winthrop University,Institution,,,,,Public,1886,1886,Borrowed building,,Columbia,Rock Hill,Midlands,1895,21,,FALSE,TRUE,FALSE,FALSE,FALSE,FALSE,FALSE,FALSE
Wofford College,Institution,,,,,Private,1851,1854,Jesse Cleveland,36,Spartanburg,Spartanburg,Upstate,,24,Methodist,TRUE,FALSE,FALSE,FALSE,FALSE,FALSE,FALSE,FALSE
